Timestamp,Dialogue,Speaker,Start Time,TextBlob_Score,VADER_Score,Google_Score
"00:02:31,618 --> 00:02:33,552","OKAY, SO I SAID YES.",Laura,1900-01-01 00:02:31.618,0.5,0.5945,0.5
"00:02:35,789 --> 00:02:37,200",TO ANDREW.,Laura,1900-01-01 00:02:35.789,0.0,0.0,-0.20000000298023224
"00:02:37,224 --> 00:02:39,235",WE ALREADY SET A DATE.,Laura,1900-01-01 00:02:37.224,0.0,0.0,0.0
"00:02:39,259 --> 00:02:41,220",IT'S GONNA BE THE THIRD WEEKEND IN JUNE.,Laura,1900-01-01 00:02:39.259,0.0,0.0,-0.4000000059604645
"00:02:41,244 --> 00:02:43,456","YOU KNOW, EVERYBODY GETS MARRIED IN JUNE.",Laura,1900-01-01 00:02:41.244,0.25,0.0,0.0
"00:02:43,480 --> 00:02:45,625",SO...,Paul,1900-01-01 00:02:43.480,0.0,0.0,0.0
"00:02:45,649 --> 00:02:48,878",SO YOU'LL BE A SUMMER BRIDE.,Paul,1900-01-01 00:02:45.649,0.0,0.0,0.20000000298023224
"00:02:48,902 --> 00:02:50,819",EVIDENTLY SO.,Laura,1900-01-01 00:02:48.902,0.25,0.0,0.0
"00:02:54,174 --> 00:02:57,086","WELL, CONGRATULATIONS.",Paul,1900-01-01 00:02:54.174,0.0,0.7184,0.800000011920929
"00:02:57,110 --> 00:02:58,627",THANK YOU.,Laura,1900-01-01 00:02:57.110,0.0,0.3612,0.8999999761581421
"00:03:02,583 --> 00:03:04,132",SO ARE YOU HAPPY FOR US?,Laura,1900-01-01 00:03:02.583,0.8,0.6077,0.10000000149011612
"00:03:06,370 --> 00:03:08,114",IS THAT IMPORTANT TO YOU?,Paul,1900-01-01 00:03:06.370,0.4,0.2023,-0.20000000298023224
"00:03:08,138 --> 00:03:10,450","WELL, IF YOU'RE GONNA BE A GUEST AT OUR WEDDING,",Laura,1900-01-01 00:03:08.138,0.0,0.2732,-0.20000000298023224
"00:03:10,474 --> 00:03:12,424",YOU'D BETTER BE HAPPY FOR US.,Laura,1900-01-01 00:03:10.474,0.65,0.765,0.0
"00:03:13,928 --> 00:03:15,888",ANDREW AND I WANTED TO INVITE YOU.,Laura,1900-01-01 00:03:13.928,0.0,0.1531,-0.20000000298023224
"00:03:15,912 --> 00:03:17,908",YOUR WIFE TOO.,Laura,1900-01-01 00:03:15.912,0.0,0.0,0.0
"00:03:17,932 --> 00:03:20,160","BUT YOU WOULDN'T COME, RIGHT? WOULD YOU?",Laura,1900-01-01 00:03:17.932,0.2857142857142857,0.0,-0.4000000059604645
"00:03:20,184 --> 00:03:23,146","NO, OF COURSE YOU WOULDN'T. BUT WE DID ACTUALLY TALK ABOUT IT YESTERDAY.",Laura,1900-01-01 00:03:20.184,0.0,0.0,-0.6000000238418579
"00:03:23,170 --> 00:03:26,315",RIGHT AFTER I SAID YES WE STARTED MAKING A GUEST LIST,Laura,1900-01-01 00:03:23.170,0.2857142857142857,0.4019,-0.4000000059604645
"00:03:26,339 --> 00:03:28,990",AND FOR A FEW MINUTES THERE YOU WERE ON IT.,Laura,1900-01-01 00:03:26.339,-0.2,0.0,0.0
"00:03:30,160 --> 00:03:32,138","WAIT A MINUTE, YOU SAID YES",Paul,1900-01-01 00:03:30.160,0.0,0.4019,-0.6000000238418579
"00:03:32,162 --> 00:03:34,157",JUST YESTERDAY?,Paul,1900-01-01 00:03:32.162,0.0,0.0,-0.10000000149011612
"00:03:34,181 --> 00:03:37,744",YEAH. I COULDN'T MAKE UP MY MIND.,Laura,1900-01-01 00:03:34.181,0.0,0.296,0.5
"00:03:37,768 --> 00:03:41,297",IT TOOK ME A FEW DAYS TO GET OVER THE OTHER NIGHT AND OUR SESSION.,Laura,1900-01-01 00:03:37.768,-0.1625,0.0,-0.5
"00:03:41,321 --> 00:03:44,768","I, UH... I WANTED TO CALM DOWN FIRST.",Laura,1900-01-01 00:03:41.321,0.1314814814814815,0.3182,-0.10000000149011612
"00:03:44,792 --> 00:03:48,003",ANDREW WAS COOL WITH THAT. HE SAID A DAY HERE OR THERE WOULDN'T MATTER,Laura,1900-01-01 00:03:44.792,0.35,0.3018,0.10000000149011612
"00:03:48,027 --> 00:03:51,874",AS LONG AS I WAS MOVING TOWARDS A DECISION.,Laura,1900-01-01 00:03:48.027,-0.05,0.0,0.10000000149011612
"00:03:51,898 --> 00:03:55,533","YOU KNOW, HE'S VERY HAPPY THAT YOU'RE HELPING ME.",Laura,1900-01-01 00:03:51.898,1.0,0.7346,0.8999999761581421
"00:03:57,755 --> 00:03:59,932",FOR A WHILE THERE HE THOUGHT HE'D MADE A MISTAKE,Laura,1900-01-01 00:03:57.755,0.0,-0.34,-0.10000000149011612
"00:03:59,956 --> 00:04:02,718",RECOMMENDING THAT I COME SEE YOU. HE SAID THAT.,Laura,1900-01-01 00:03:59.956,0.0,0.0,0.10000000149011612
"00:04:02,742 --> 00:04:05,188",BUT HE THINK YOU'RE AN AMAZING THERAPIST,Laura,1900-01-01 00:04:02.742,0.6000000000000001,0.7351,0.8999999761581421
"00:04:05,212 --> 00:04:07,207",AND THAT HIS INSTINCTS WERE JUST RIGHT,Laura,1900-01-01 00:04:05.212,0.2857142857142857,0.0,0.5
"00:04:07,231 --> 00:04:09,915",AND THAT YOU'RE ON OUR SIDE.,Laura,1900-01-01 00:04:07.231,0.0,0.0,-0.30000001192092896
"00:04:16,840 --> 00:04:18,106",WHAT?,Laura,1900-01-01 00:04:16.840,0.0,0.0,-0.10000000149011612
"00:04:20,961 --> 00:04:22,939",I GUESS I'M...,Paul,1900-01-01 00:04:20.961,0.0,0.0,-0.10000000149011612
"00:04:22,963 --> 00:04:26,559",I'M JUST TRYING TO GET USED TO...,Paul,1900-01-01 00:04:22.963,0.0,0.0,-0.6000000238418579
"00:04:26,583 --> 00:04:28,077",TO THE CHANGE IN TONE.,Paul,1900-01-01 00:04:26.583,0.0,0.0,-0.10000000149011612
"00:04:28,101 --> 00:04:31,964",YOU'RE SPEAKING IN THE PLURAL.,Paul,1900-01-01 00:04:28.101,0.0,0.0,-0.699999988079071
"00:04:31,988 --> 00:04:35,351","WELL, I'M GONNA BE A ""WE,""",Laura,1900-01-01 00:04:31.988,0.0,0.2732,0.20000000298023224
"00:04:35,375 --> 00:04:37,520","AN ""US,"" AREN'T I?",Laura,1900-01-01 00:04:35.375,0.0,0.0,0.0
"00:04:37,544 --> 00:04:39,739",YOU SAY THAT LIKE YOU'RE NOT SO SURE.,Paul,1900-01-01 00:04:37.544,0.5,0.0068,-0.20000000298023224
"00:04:39,763 --> 00:04:41,907","NO, I'M SURE.",Laura,1900-01-01 00:04:39.763,-0.25,0.3182,-0.699999988079071
"00:04:41,931 --> 00:04:45,394","YOU KNOW, PAUL, I'M... I'M GENERALLY OPEN TO YOUR INTERPRETATIONS,",Laura,1900-01-01 00:04:41.931,0.0,0.0,0.0
"00:04:45,418 --> 00:04:48,097",BUT RIGHT NOW IT JUST SEEMS LIKE YOU'RE TRYING TO BE A BIT OF A...,Laura,1900-01-01 00:04:45.418,0.2857142857142857,0.5023,-0.6000000238418579
"00:04:48,121 --> 00:04:49,499",KILLJOY?,Paul,1900-01-01 00:04:48.121,0.0,-0.4767,0.0
"00:04:49,523 --> 00:04:52,085","KILLJOY, YES, SOMETHING LIKE THAT. SO DON'T.",Laura,1900-01-01 00:04:49.523,0.0,0.2732,0.30000001192092896
"00:04:52,109 --> 00:04:55,827",ESPECIALLY SINCE JOY IS A VERY RARE THING WHEN IT COMES TO ME.,Laura,1900-01-01 00:04:52.109,0.39666666666666667,0.6222,0.10000000149011612
"00:05:00,701 --> 00:05:02,516",WHAT?,Laura,1900-01-01 00:05:00.701,0.0,0.0,-0.10000000149011612
"00:05:03,770 --> 00:05:05,821",I'M...,Paul,1900-01-01 00:05:03.770,0.0,0.0,-0.10000000149011612
"00:05:07,841 --> 00:05:09,869",I'M JUST WONDERING IF YOU CAME HERE TODAY,Paul,1900-01-01 00:05:07.841,0.0,0.0,-0.5
"00:05:09,893 --> 00:05:12,255","DETERMINED TO, UH,",Paul,1900-01-01 00:05:09.893,0.0,0.34,0.0
"00:05:12,279 --> 00:05:14,407","DEMONSTRATE THAT JOY,",Paul,1900-01-01 00:05:12.279,0.8,0.5859,-0.10000000149011612
"00:05:14,431 --> 00:05:16,743",ESPECIALLY AFTER LAST WEEK'S EVENTS.,Paul,1900-01-01 00:05:14.431,0.0,0.0,0.10000000149011612
"00:05:16,767 --> 00:05:18,577",I'M ASKING MYSELF,Paul,1900-01-01 00:05:16.767,0.0,0.0,-0.10000000149011612
"00:05:18,601 --> 00:05:20,579","IF THIS ISN'T A BIT TOO FAST,",Paul,1900-01-01 00:05:18.601,0.2,0.0,-0.5
"00:05:20,603 --> 00:05:23,015",IF YOU HAVEN'T PERHAPS TAKEN A SHORTCUT.,Paul,1900-01-01 00:05:20.603,0.0,0.0,-0.20000000298023224
"00:05:23,039 --> 00:05:24,967",YOU THINK THAT I'M FAKING THIS?,Laura,1900-01-01 00:05:23.039,0.0,-0.4215,-0.6000000238418579
"00:05:24,991 --> 00:05:26,953",THAT I'M ACTUALLY TOTALLY DEPRESSED?,Laura,1900-01-01 00:05:24.991,0.0,-0.5563,-0.699999988079071
"00:05:26,977 --> 00:05:29,088","WELL, MAYBE IT'S YOU THAT'S FAKING IT, HUH?",Laura,1900-01-01 00:05:26.977,0.0,-0.1779,-0.10000000149011612
"00:05:29,112 --> 00:05:31,963","I MEAN, THAT CONGRATULATIONS WAS A BIT LABORED, DON'T YOU THINK?",Laura,1900-01-01 00:05:29.112,-0.3125,0.5994,-0.6000000238418579
"00:05:45,261 --> 00:05:47,039",I...,Paul,1900-01-01 00:05:45.261,0.0,0.0,0.10000000149011612
"00:05:47,063 --> 00:05:50,548",I DON'T KNOW IF YOU KNOW ANYTHING ABOUT SCUBA DIVING?,Paul,1900-01-01 00:05:47.063,0.0,0.0772,-0.4000000059604645
"00:05:52,636 --> 00:05:55,003",THEY HAVE THIS THING THAT'S CALLED THE BENDS.,Paul,1900-01-01 00:05:52.636,0.0,0.0,0.0
"00:05:56,790 --> 00:06:00,086",IT'S SOMETHING THAT HAPPENS WHEN THE DIVERS,Paul,1900-01-01 00:05:56.790,0.0,0.0,-0.10000000149011612
"00:06:00,110 --> 00:06:03,305",COME UP TO THE SURFACE TOO QUICKLY. IT'S REALLY DANGEROUS.,Paul,1900-01-01 00:06:00.110,-0.6,-0.5256,0.0
"00:06:03,329 --> 00:06:05,841",IT CAN EXPLODE YOUR LUNGS,Paul,1900-01-01 00:06:03.329,0.0,0.0,0.0
"00:06:05,865 --> 00:06:08,344",FROM THE SUDDEN CHANGES IN PRESSURE.,Paul,1900-01-01 00:06:05.865,0.0,-0.296,0.0
"00:06:08,368 --> 00:06:11,915",ANYWAY IT... IT SEEMS LIKE THERE'S...,Paul,1900-01-01 00:06:08.368,0.0,0.3612,0.0
"00:06:11,939 --> 00:06:15,367",THERE'S A HUGE GAP BETWEEN,Paul,1900-01-01 00:06:11.939,0.39999999999999997,0.3182,0.0
"00:06:15,391 --> 00:06:18,788",THE DEPTHS THAT YOU REACHED LAST WEEK,Paul,1900-01-01 00:06:15.391,0.0,0.1027,-0.5
"00:06:18,812 --> 00:06:22,308",AND THE HEIGHTS,Paul,1900-01-01 00:06:18.812,0.0,0.0,-0.20000000298023224
"00:06:22,332 --> 00:06:25,812",AT WHICH YOU ARE TODAY. I'M JUST TRYING TO...,Paul,1900-01-01 00:06:22.332,0.0,0.0,-0.30000001192092896
"00:06:25,836 --> 00:06:27,814",I'M JUST TRYING TO ADJUST MYSELF,Paul,1900-01-01 00:06:25.836,0.0,0.0,-0.6000000238418579
"00:06:27,838 --> 00:06:30,216","SO THAT I DON'T, I GUESS,",Paul,1900-01-01 00:06:27.838,0.0,0.0,0.0
"00:06:30,240 --> 00:06:32,120",COME TO THE SURFACE TOO QUICKLY.,Paul,1900-01-01 00:06:30.240,0.3333333333333333,0.0,-0.4000000059604645
"00:06:40,100 --> 00:06:42,362","DO YOU DIVE, PAUL?",Laura,1900-01-01 00:06:40.100,0.0,0.0,-0.30000001192092896
"00:06:42,386 --> 00:06:43,985",YES.,Paul,1900-01-01 00:06:42.386,0.0,0.4019,0.20000000298023224
"00:06:46,890 --> 00:06:49,869","I... WELL, WE USED TO.",Paul,1900-01-01 00:06:46.890,0.0,0.2732,0.10000000149011612
"00:06:49,893 --> 00:06:52,655","OOH, WHO'S SPEAKING IN THE PLURAL NOW?",Laura,1900-01-01 00:06:49.893,0.0,0.0,-0.30000001192092896
"00:06:54,831 --> 00:06:57,977",I CAN'T IMAGINE YOU DIVING.,Laura,1900-01-01 00:06:54.831,0.0,-0.0572,-0.800000011920929
"00:07:01,021 --> 00:07:03,533",WHERE'D YOU GO? MEXICO?,Laura,1900-01-01 00:07:01.021,0.0,0.0,0.0
"00:07:03,557 --> 00:07:05,951",THE CARIBBEAN?,Laura,1900-01-01 00:07:03.557,0.0,0.0,-0.10000000149011612
"00:07:05,975 --> 00:07:10,172",ARE YOU INTERESTED IN SCUBA DIVING?,Paul,1900-01-01 00:07:05.975,0.25,0.4588,-0.5
"00:07:10,196 --> 00:07:12,230",I'M A CERTIFIED DIVER.,Laura,1900-01-01 00:07:10.196,0.0,0.0,0.0
"00:07:13,650 --> 00:07:15,116",I KNOW WHAT THE BENDS ARE.,Laura,1900-01-01 00:07:13.650,0.0,0.0,-0.20000000298023224
"00:07:16,536 --> 00:07:17,780",SORRY.,Paul,1900-01-01 00:07:16.536,-0.5,-0.0772,-0.800000011920929
"00:07:17,804 --> 00:07:19,815","NO, SERIOUSLY, I DOVE A LOT BEFORE I MET ANDREW.",Laura,1900-01-01 00:07:17.804,0.16666666666666666,-0.1779,-0.30000001192092896
"00:07:19,839 --> 00:07:22,134",HE... HE HATES IT.,Laura,1900-01-01 00:07:19.839,0.0,-0.4404,0.20000000298023224
"00:07:22,158 --> 00:07:24,492",IT'S CLAUSTROPHOBIC.,Laura,1900-01-01 00:07:22.158,-0.75,0.0,-0.10000000149011612
"00:07:26,613 --> 00:07:29,159","IT'S NICE TO FIND WE HAVE SOMETHING IN COMMON, YOU AND ME.",Laura,1900-01-01 00:07:26.613,0.15,0.4215,0.6000000238418579
"00:07:29,183 --> 00:07:30,782",ISN'T IT?,Laura,1900-01-01 00:07:29.183,0.0,0.0,-0.10000000149011612
"00:07:43,680 --> 00:07:45,329","WHERE ARE YOU NOW, LAURA?",Paul,1900-01-01 00:07:43.680,0.0,0.0,-0.699999988079071
"00:07:48,435 --> 00:07:51,330",I JUST HAD A SCARY THOUGHT. I JUST...,Laura,1900-01-01 00:07:48.435,-0.5,-0.4939,-0.10000000149011612
"00:07:51,354 --> 00:07:53,716","I KNOW IT'S SILLY, BUT...",Laura,1900-01-01 00:07:51.354,-0.5,0.0129,-0.20000000298023224
"00:07:53,740 --> 00:07:56,402",BEFOREHAND WHEN YOU SAID YOUR...,Laura,1900-01-01 00:07:53.740,0.0,0.0,-0.5
"00:07:56,426 --> 00:07:58,771","YOUR LUNGS COULD EXPLODE,",Laura,1900-01-01 00:07:56.426,0.0,0.0,-0.30000001192092896
"00:07:58,795 --> 00:08:02,008","I DON'T KNOW, IT'S JUST THE THOUGHT THAT SOMETHING MIGHT HAPPEN TO YOU.",Laura,1900-01-01 00:07:58.795,0.0,0.0,-0.20000000298023224
"00:08:02,032 --> 00:08:04,343",YET YOU'RE THE ONE WHO ASCENDED SO FAST.,Paul,1900-01-01 00:08:02.032,0.2,0.0,0.30000001192092896
"00:08:04,367 --> 00:08:07,468","YOU KNOW WHAT, PAUL? I DON'T WANT A DEPRESSING SESSION.",Laura,1900-01-01 00:08:04.367,-0.6,0.2411,-0.5
"00:08:08,655 --> 00:08:10,866","I WANT A HAPPY SESSION. I CAME WITH GOOD NEWS,",Laura,1900-01-01 00:08:08.655,0.75,0.7845,0.4000000059604645
"00:08:10,890 --> 00:08:12,941",SO SHOW A LITTLE SUPPORT.,Laura,1900-01-01 00:08:10.890,-0.1875,0.3415,0.4000000059604645
"00:08:15,112 --> 00:08:17,045",OKAY.,Paul,1900-01-01 00:08:15.112,0.5,0.2263,0.4000000059604645
"00:08:23,069 --> 00:08:26,248","OKAY, YESTERDAY I WAS AT NATALIE'S...",Laura,1900-01-01 00:08:23.069,0.5,0.2263,0.0
"00:08:26,272 --> 00:08:29,252","YOU KNOW, ANDREW'S EX... AND GARY THE HUSBAND,",Laura,1900-01-01 00:08:26.272,0.0,0.0,-0.10000000149011612
"00:08:29,276 --> 00:08:31,771",THE ONES WHO HAD A BABY A FEW MONTHS AGO...,Laura,1900-01-01 00:08:29.276,-0.2,0.0,-0.5
"00:08:31,795 --> 00:08:34,240","AND THEY KEEP CALLING, YOU KNOW, TO INVITE US OVER",Laura,1900-01-01 00:08:31.795,0.0,0.1531,-0.699999988079071
"00:08:34,264 --> 00:08:35,975",AND I KEEP AVOIDING THEM.,Laura,1900-01-01 00:08:34.264,0.0,-0.34,-0.30000001192092896
"00:08:35,999 --> 00:08:38,244",BUT YESTERDAY WHEN THEY CALLED TO INVITE US OVER FOR BRUNCH...,Laura,1900-01-01 00:08:35.999,0.0,0.2263,-0.699999988079071
"00:08:38,268 --> 00:08:40,113","WELL, ANYWAY, GARY MAKES DIM SUM.",Laura,1900-01-01 00:08:38.268,0.1,0.2732,0.699999988079071
"00:08:40,137 --> 00:08:43,516","I SWEAR, PAUL, HE HAS THOSE BAMBOO STEAMERS AND EVERYTHING.",Laura,1900-01-01 00:08:40.137,0.0,-0.0516,0.0
"00:08:43,540 --> 00:08:45,518","SO I SAID TO ANDREW, ""OKAY, LET'S GO.""",Laura,1900-01-01 00:08:43.540,0.5,0.2263,0.0
"00:08:45,542 --> 00:08:47,186","I MEAN, HE'S BEING SO SWEET TO ME ALL WEEK,",Laura,1900-01-01 00:08:45.542,0.01874999999999999,0.5949,0.8999999761581421
"00:08:47,210 --> 00:08:48,821",I THOUGHT THIS IS THE LEAST I COULD DO.,Laura,1900-01-01 00:08:47.210,-0.3,0.0,-0.5
"00:08:48,845 --> 00:08:51,457","SO HIS AGREEING TO POSTPONE THE ULTIMATUM,",Paul,1900-01-01 00:08:48.845,0.0,0.197,-0.30000001192092896
"00:08:51,481 --> 00:08:55,066",THAT DIS... DISARMED YOU?,Paul,1900-01-01 00:08:51.481,0.0,0.0,0.0
"00:08:58,939 --> 00:09:02,619",ALL RIGHT. GO AHEAD.,Paul,1900-01-01 00:08:58.939,0.2857142857142857,0.0,0.5
"00:09:02,643 --> 00:09:06,071","THEY HAVE A BABY, THESE HUGE EYES.",Laura,1900-01-01 00:09:02.643,0.39999999999999997,0.3182,0.30000001192092896
"00:09:06,095 --> 00:09:09,775","I MEAN, THE BABY IS... THE BABY'S ALL EYES. SO BEAUTIFUL.",Laura,1900-01-01 00:09:06.095,0.26875,0.7177,0.30000001192092896
"00:09:09,799 --> 00:09:11,244",AND THE WAY HE BREASTFEEDS...,Laura,1900-01-01 00:09:09.799,0.0,0.0,-0.10000000149011612
"00:09:11,268 --> 00:09:13,979",ALL MORNING HE WAS ATTACHED TO NATALIE'S NIPPLE.,Laura,1900-01-01 00:09:11.268,0.0,0.0,-0.10000000149011612
"00:09:14,003 --> 00:09:16,849",THIS... THIS HUGE DARK NIPPLE.,Laura,1900-01-01 00:09:14.003,0.12499999999999999,0.3182,0.10000000149011612
"00:09:16,873 --> 00:09:18,518",I'VE NEVER SEEN ANYTHING LIKE IT IN MY LIFE.,Laura,1900-01-01 00:09:16.873,0.0,-0.2755,0.20000000298023224
"00:09:18,542 --> 00:09:22,438",AND AT ONE POINT SHE TOOK HER BOOB OUT OF THE BABY'S MOUTH,Laura,1900-01-01 00:09:18.542,0.0,0.0,-0.6000000238418579
"00:09:22,462 --> 00:09:25,574",AND SQUEEZED IT AND SOME MILK SQUIRTED OUT.,Laura,1900-01-01 00:09:22.462,0.0,0.0,-0.30000001192092896
"00:09:25,598 --> 00:09:29,312",AND I LOOK OVER AT ANDREW AND HE HAS THIS ADMIRING SMILE ON HIS FACE.,Laura,1900-01-01 00:09:25.598,0.3,0.6705,-0.10000000149011612
"00:09:29,336 --> 00:09:33,533","YOU KNOW, LIKE HE WAS LOOKING AT SOME MASTERPIECE IN A MUSEUM,",Laura,1900-01-01 00:09:29.336,0.0,0.765,-0.4000000059604645
"00:09:33,557 --> 00:09:35,890","LIKE ""THE MADONNA.""",Laura,1900-01-01 00:09:33.557,0.0,0.3612,0.5
"00:09:37,693 --> 00:09:39,294",WHAT DO YOU THINK HE SAW?,Paul,1900-01-01 00:09:37.693,0.0,0.0,-0.4000000059604645
"00:09:42,916 --> 00:09:46,417","MAYBE AN IMAGE OF YOU AND HE TOGETHER IN THE FUTURE, MAYBE?",Paul,1900-01-01 00:09:42.916,0.0,0.0,-0.4000000059604645
"00:09:50,006 --> 00:09:53,140",OR MAYBE HE JUST MISSES HER TITS.,Laura,1900-01-01 00:09:50.006,0.0,-0.4215,-0.5
"00:09:54,928 --> 00:09:58,129","NO, NOT REALLY. THEY'RE NOT THAT NICE.",Laura,1900-01-01 00:09:54.928,0.25,-0.3252,-0.800000011920929
"00:10:02,885 --> 00:10:06,315",SHE'S CHANGED A LOT SINCE SHE HAD THE BABY.,Laura,1900-01-01 00:10:02.885,0.0,0.0,0.10000000149011612
"00:10:06,339 --> 00:10:07,833",IN WHAT WAY?,Paul,1900-01-01 00:10:06.339,0.0,0.0,0.0
"00:10:07,857 --> 00:10:09,585","I DON'T KNOW. I DIDN'T REALLY KNOW HER BEFORE,",Laura,1900-01-01 00:10:07.857,0.2,0.0,0.0
"00:10:09,609 --> 00:10:11,587",BUT ANDREW TOLD ME A LOT ABOUT HER.,Laura,1900-01-01 00:10:09.609,0.0,0.0,-0.4000000059604645
"00:10:11,611 --> 00:10:14,323","HE SAID SHE WAS THIS WILD TYPE, YOU KNOW,",Laura,1900-01-01 00:10:11.611,0.1,0.0,-0.10000000149011612
"00:10:14,347 --> 00:10:16,626",WHO HAD A LOT OF GUYS CHASING HER.,Laura,1900-01-01 00:10:14.347,0.0,0.0,0.20000000298023224
"00:10:16,650 --> 00:10:18,995",SHE PUT HIM THROUGH HELL.,Laura,1900-01-01 00:10:16.650,0.0,-0.6808,-0.10000000149011612
"00:10:19,019 --> 00:10:21,513",HE SAID THEY'D GO TO BED AND SHE'D BE ONE PERSON,Laura,1900-01-01 00:10:19.019,0.0,0.0,-0.6000000238418579
"00:10:21,537 --> 00:10:24,934",AND THEN THEY'D WAKE UP AND SHE'D BE SOMEONE TOTALLY NEW.,Laura,1900-01-01 00:10:21.537,0.13636363636363635,0.0,0.0
"00:10:24,958 --> 00:10:27,958","A FREE RADICAL, THAT'S WHAT HE USED TO CALL HER.",Laura,1900-01-01 00:10:24.958,0.4,0.5106,0.10000000149011612
"00:10:29,696 --> 00:10:31,496",HE SAYS I REMIND HIM OF HER.,Laura,1900-01-01 00:10:29.696,0.0,0.0,-0.5
"00:10:33,516 --> 00:10:34,893",HMM.,Paul,1900-01-01 00:10:33.516,0.0,0.0,0.20000000298023224
"00:10:34,917 --> 00:10:37,930",THAT'S SCARY. LIKE THIS IS WHAT'S LEFT OF HER.,Laura,1900-01-01 00:10:34.917,-0.25,-0.1779,0.0
"00:10:37,954 --> 00:10:40,332",THE FRONT OF HER T-SHIRT SOAKING WET,Laura,1900-01-01 00:10:37.954,-0.1,0.0,0.10000000149011612
"00:10:40,356 --> 00:10:42,568",AND NIPPLES... NIPPLES... THAT'S ALL THAT'S LEFT.,Laura,1900-01-01 00:10:40.356,0.0,0.0,-0.10000000149011612
"00:10:42,592 --> 00:10:46,004",SHE'S LIKE A WILD ANIMAL THAT'S SOMEHOW BEEN...,Laura,1900-01-01 00:10:42.592,0.1,0.3612,-0.30000001192092896
"00:10:46,028 --> 00:10:48,240","SHIT, WHAT'S THE WORD?",Laura,1900-01-01 00:10:46.028,-0.2,-0.5574,-0.30000001192092896
"00:10:48,264 --> 00:10:49,559",DOMESTICATED?,Paul,1900-01-01 00:10:48.264,0.0,0.0,0.0
"00:10:49,583 --> 00:10:51,410","YEAH, DOMESTICATED. SHE LOOKED DOMESTICATED...",Laura,1900-01-01 00:10:49.583,0.0,0.296,0.30000001192092896
"00:10:51,434 --> 00:10:52,712",HOUSEBROKEN.,Laura,1900-01-01 00:10:51.434,0.0,0.0,0.20000000298023224
"00:10:52,736 --> 00:10:54,580",SHE SAID HER WILDEST SEXUAL FANTASY,Laura,1900-01-01 00:10:52.736,0.5,0.0,-0.20000000298023224
"00:10:54,604 --> 00:10:56,366",WAS TO SLEEP FOUR HOURS STRAIGHT.,Laura,1900-01-01 00:10:54.604,0.2,0.2263,-0.6000000238418579
"00:10:58,374 --> 00:11:01,570",- DOES THAT SCARE YOU A LITTLE? - OH MY GOD.,Paul,1900-01-01 00:10:58.374,-0.1875,-0.2732,0.0
"00:11:01,594 --> 00:11:03,672",I'D DIE IF I TURNED INTO A LOUSY LAY.,Laura,1900-01-01 00:11:01.594,-0.5,-0.8126,-0.10000000149011612
"00:11:03,696 --> 00:11:07,126","YOU KNOW, SOMEONE WHO GETS FUCKED IN HER SLEEP AND CAN'T EVEN REMEMBER.",Laura,1900-01-01 00:11:03.696,-0.6,-0.6597,-0.800000011920929
"00:11:07,150 --> 00:11:09,895",DO YOU THINK THAT'S WHAT HAPPENS TO PEOPLE AFTER THEY GET MARRIED?,Paul,1900-01-01 00:11:07.150,0.25,0.0,-0.800000011920929
"00:11:09,919 --> 00:11:12,620",I DON'T KNOW. DOES IT?,Laura,1900-01-01 00:11:09.919,0.0,0.0,0.0
"00:11:15,641 --> 00:11:18,787","IS SEX SOMETHING YOU FORGET HOW TO DO, OR IS IT LIKE RIDING A BIKE?",Laura,1900-01-01 00:11:15.641,0.0,0.1531,-0.30000001192092896
"00:11:18,811 --> 00:11:22,241",I THINK THAT DEPENDS ON THE...,Paul,1900-01-01 00:11:18.811,0.0,0.0,0.0
"00:11:22,265 --> 00:11:23,810",ON THE COUPLE.,Paul,1900-01-01 00:11:22.265,0.0,0.0,0.0
"00:11:23,834 --> 00:11:27,046","OF COURSE, SEX...",Paul,1900-01-01 00:11:23.834,0.0,0.0,0.0
"00:11:27,070 --> 00:11:30,299",CAN BE A SUBTERFUGE.,Paul,1900-01-01 00:11:27.070,0.0,0.0,0.0
"00:11:30,323 --> 00:11:31,906",- IT CAN... - PAUL.,Laura,1900-01-01 00:11:30.323,0.0,0.0,-0.10000000149011612
"00:11:37,880 --> 00:11:40,159",OKAY.,Paul,1900-01-01 00:11:37.880,0.5,0.2263,0.4000000059604645
"00:11:40,183 --> 00:11:42,027",OKAY.,Laura,1900-01-01 00:11:40.183,0.5,0.2263,0.4000000059604645
"00:11:42,051 --> 00:11:45,080","SO ANYWAY, WHEN I GO... I GO TO THE KITCHEN TO HELP OUT WITH SOMETHING.",Laura,1900-01-01 00:11:42.051,0.0,0.4019,-0.20000000298023224
"00:11:45,104 --> 00:11:48,751",AND WHEN I COME BACK ANDREW AND GARY ARE ENGROSSED IN THIS DEEP CONVERSATION,Laura,1900-01-01 00:11:45.104,0.0,0.1531,-0.30000001192092896
"00:11:48,775 --> 00:11:51,420",ABOUT... YOU WON'T BELIEVE THIS... UPHOLSTERERS.,Laura,1900-01-01 00:11:48.775,0.0,0.0,-0.10000000149011612
"00:11:51,444 --> 00:11:54,457",THERE'S THIS UPHOLSTERER WHO REDID THEIR ENTIRE LIVING ROOM.,Laura,1900-01-01 00:11:51.444,0.0,0.0,-0.4000000059604645
"00:11:54,481 --> 00:11:57,626","ANDREW'S TAKING DOWN THE GUY'S NUMBER AND I'M LIKE, ""WHAT ARE YOU DOING?""",Laura,1900-01-01 00:11:54.481,-0.15555555555555556,0.4215,-0.5
"00:11:57,650 --> 00:11:59,912","AND HE SAID, ""WELL, YOU KNOW, YOU AND I DISCUSSED,",Laura,1900-01-01 00:11:57.650,0.0,0.2732,-0.10000000149011612
"00:11:59,936 --> 00:12:02,281","YOU KNOW, RECOVERING THOSE ARMCHAIRS YOUR DAD GAVE YOU.""",Laura,1900-01-01 00:11:59.936,0.0,0.0,-0.20000000298023224
"00:12:02,305 --> 00:12:04,633","I'M TELLING YOU, PAUL, WE NEVER DISCUSSED THIS.",Laura,1900-01-01 00:12:02.305,0.0,0.0,-0.5
"00:12:04,657 --> 00:12:08,487",AND ALL OF A SUDDEN ANDREW'S REUPHOLSTERING ARMCHAIRS?,Laura,1900-01-01 00:12:04.657,0.0,0.0,-0.20000000298023224
"00:12:08,511 --> 00:12:11,724","I MEAN, WE'RE TALKING METROSEXUAL.",Laura,1900-01-01 00:12:08.511,-0.3125,0.0,-0.20000000298023224
"00:12:11,748 --> 00:12:14,076","UM, THAT DOESN'T SOUND VERY MUCH LIKE",Paul,1900-01-01 00:12:11.748,0.33,0.4173,0.699999988079071
"00:12:14,100 --> 00:12:15,777",THE ANDREW THAT YOU'VE BEEN TALKING ABOUT.,Paul,1900-01-01 00:12:14.100,0.0,0.0,-0.5
"00:12:15,801 --> 00:12:17,196",EXACTLY.,Laura,1900-01-01 00:12:15.801,0.25,0.0,0.20000000298023224
"00:12:17,220 --> 00:12:20,054","I MEAN, THIS WAS BEYOND METROSEXUAL.",Laura,1900-01-01 00:12:17.220,-0.3125,0.0,-0.30000001192092896
"00:12:23,009 --> 00:12:25,370","DO YOU EVER WATCH ""THE ANIMAL PLANET""?",Laura,1900-01-01 00:12:23.009,0.0,0.0,-0.6000000238418579
"00:12:25,394 --> 00:12:28,174","YEAH, WELL IT WAS ABOUT THIS TYPE OF BIRD.",Laura,1900-01-01 00:12:25.394,0.0,0.5106,0.4000000059604645
"00:12:28,198 --> 00:12:30,292","I CAN'T REMEMBER THE NAME OF IT, BUT ANYWAY,",Laura,1900-01-01 00:12:28.198,0.0,0.0,-0.30000001192092896
"00:12:30,316 --> 00:12:34,313",THE MALE BIRD BUILDS A NEST FOR THE FEMALE...,Laura,1900-01-01 00:12:30.316,0.0,0.0,0.10000000149011612
"00:12:34,337 --> 00:12:39,168","YOU KNOW, THESE AMAZINGLY INTRICATE STRUCTURES.",Laura,1900-01-01 00:12:34.337,0.6000000000000001,0.2247,0.0
"00:12:39,192 --> 00:12:40,836",THEY'RE INCREDIBLE.,Laura,1900-01-01 00:12:39.192,0.9,0.0,0.8999999761581421
"00:12:40,860 --> 00:12:44,507","ANYWAY, THE FEMALE GOES FROM NEST TO NEST,",Laura,1900-01-01 00:12:40.860,0.0,0.0,0.10000000149011612
"00:12:44,531 --> 00:12:47,894","YOU KNOW, CHECKING OUT ALL HER VARIOUS MATING OPTIONS,",Laura,1900-01-01 00:12:44.531,0.0,0.0,-0.5
"00:12:47,918 --> 00:12:50,296","TRYING TO MAKE UP HER MIND,",Laura,1900-01-01 00:12:47.918,0.0,0.0,-0.20000000298023224
"00:12:50,320 --> 00:12:52,898","WHILE THE MALE BIRD IS DESPERATELY FLAPPING ABOUT,",Laura,1900-01-01 00:12:50.320,-0.3,-0.3818,-0.30000001192092896
"00:12:52,922 --> 00:12:56,874","YOU KNOW, AND TRYING TO ATTRACT THE FEMALE WITH HIS ARCHITECTURE.",Laura,1900-01-01 00:12:52.922,0.0,0.3612,-0.699999988079071
"00:12:59,229 --> 00:13:02,213","YOU KNOW, THE NESTS LOOK LIKE CAGES.",Laura,1900-01-01 00:12:59.229,0.0,0.3612,-0.10000000149011612
"00:13:06,219 --> 00:13:08,848",ANYWAY...,Laura,1900-01-01 00:13:06.219,0.0,0.0,0.10000000149011612
"00:13:08,872 --> 00:13:12,985","THE WHOLE WAY HOME, I THOUGHT I WOULDN'T BE ABLE TO FIGHT THIS ANYMORE.",Laura,1900-01-01 00:13:08.872,0.35,-0.3818,-0.699999988079071
"00:13:13,009 --> 00:13:15,554",SO WHEN WE GOT NEAR THE HOUSE,Laura,1900-01-01 00:13:13.009,0.1,0.0,-0.10000000149011612
"00:13:15,578 --> 00:13:18,290","WE... WE WERE ABOUT TO PARK AND ANDREW SAID TO ME,",Laura,1900-01-01 00:13:15.578,0.0,0.0,-0.10000000149011612
"00:13:18,314 --> 00:13:20,475","""DO YOU WANT TO GO TO THE MOVIES OR STAY HOME?""",Laura,1900-01-01 00:13:18.314,0.0,0.0772,0.0
"00:13:20,499 --> 00:13:22,511",AND I SAID...,Laura,1900-01-01 00:13:20.499,0.0,0.0,0.0
"00:13:22,535 --> 00:13:24,796","I SAID, ""YES.""",Laura,1900-01-01 00:13:22.535,0.0,0.4019,0.0
"00:13:24,820 --> 00:13:27,900","AND HE SAYS, ""YES, THE MOVIES?"" AND I SAID, ""YES,",Laura,1900-01-01 00:13:24.820,0.0,0.6597,0.10000000149011612
"00:13:27,924 --> 00:13:30,257",I'LL... I'LL MARRY YOU.,Laura,1900-01-01 00:13:27.924,0.0,0.0,0.0
"00:13:31,594 --> 00:13:34,506","YES. I MEAN, FUCK IT.",Laura,1900-01-01 00:13:31.594,-0.35625,-0.2023,0.0
"00:13:34,530 --> 00:13:37,465","FUCK, I'LL MARRY YOU. YES.""",Laura,1900-01-01 00:13:34.530,-0.4,-0.2023,0.10000000149011612
"00:13:40,586 --> 00:13:42,565",HMM.,Paul,1900-01-01 00:13:40.586,0.0,0.0,0.20000000298023224
"00:13:42,589 --> 00:13:45,334",SO WHERE DO YOU THINK THIS,Paul,1900-01-01 00:13:42.589,0.0,0.0,-0.6000000238418579
"00:13:45,358 --> 00:13:47,937","""FUCK IT, YES,"" CAME FROM",Paul,1900-01-01 00:13:45.358,-0.4,-0.2023,0.10000000149011612
"00:13:47,961 --> 00:13:51,006","WHEN EVERYTHING THAT YOU'VE BEEN SAYING TO ANDREW,",Paul,1900-01-01 00:13:47.961,0.0,0.0,-0.5
"00:13:51,030 --> 00:13:53,576",EVERYTHING THAT YOU'VE BEEN DOING FOR THAT PAST FEW WEEKS,Paul,1900-01-01 00:13:51.030,-0.225,0.0,0.0
"00:13:53,600 --> 00:13:55,850",HAS ACTUALLY BEEN ONE BIG NO?,Paul,1900-01-01 00:13:53.600,0.0,0.0,-0.4000000059604645
"00:13:57,437 --> 00:13:59,865",MEANING WHAT? YOU THINK ANDREW TOOK ME THERE,Laura,1900-01-01 00:13:57.437,0.0,0.0,-0.5
"00:13:59,889 --> 00:14:02,451",AS SOME SORT OF OBJECT LESSON?,Laura,1900-01-01 00:13:59.889,0.0,0.0,-0.10000000149011612
"00:14:02,475 --> 00:14:05,270",TO SHOW ME HOW GOOD IT COULD BE FOR US? 'CAUSE I DON'T THINK SO.,Laura,1900-01-01 00:14:02.475,0.7,0.4404,0.0
"00:14:05,294 --> 00:14:08,307","I MEAN, ANDREW'S A PRETTY MEDIOCRE PSYCHOLOGIST.",Laura,1900-01-01 00:14:05.294,-0.1875,0.4939,-0.10000000149011612
"00:14:09,833 --> 00:14:11,994",WOULD YOU LISTEN TO ME. I JUST SAID YES,Laura,1900-01-01 00:14:09.833,0.0,0.4019,0.0
"00:14:12,018 --> 00:14:14,196",AND I'M ALREADY BAD-MOUTHING MY FUTURE HUSBAND.,Laura,1900-01-01 00:14:12.018,0.0,0.0,-0.800000011920929
"00:14:14,220 --> 00:14:16,915","YOU DIDN'T ANSWER MY QUESTION, LAURA.",Paul,1900-01-01 00:14:14.220,0.0,0.0,-0.8999999761581421
"00:14:16,939 --> 00:14:19,340",WHERE DID THIS YES COME FROM?,Paul,1900-01-01 00:14:16.939,0.0,0.481,-0.10000000149011612
"00:14:26,983 --> 00:14:31,018",YOU REALLY DON'T UNDERSTAND WHY I SAID YES TO HIM?,Laura,1900-01-01 00:14:26.983,0.2,0.4019,-0.699999988079071
"00:14:33,089 --> 00:14:36,357",IT WAS BECAUSE YOU SAID NO TO ME.,Laura,1900-01-01 00:14:33.089,0.0,-0.296,-0.699999988079071
"00:14:40,313 --> 00:14:43,359",BECAUSE... BECAUSE I SAID NO TO YOU?,Paul,1900-01-01 00:14:40.313,0.0,-0.296,-0.10000000149011612
"00:14:43,383 --> 00:14:47,396","I MEAN, THE WHOLE SITUATION IS JUST ONE BIG FUCKING NO.",Laura,1900-01-01 00:14:43.383,-0.17812499999999998,0.0,-0.699999988079071
"00:14:47,420 --> 00:14:50,149",I'M NOT BLAMING YOU. I'M NOT ACCUSING YOU. I'M JUST...,Laura,1900-01-01 00:14:47.420,0.0,0.4847,-0.5
"00:14:50,173 --> 00:14:52,213",DID YOU EXPECT A DIFFERENT REACTION?,Paul,1900-01-01 00:14:50.173,0.0,0.0,-0.10000000149011612
"00:14:54,994 --> 00:14:58,579",IN YOUR FANTASY...,Paul,1900-01-01 00:14:54.994,0.0,0.0,-0.20000000298023224
"00:15:00,216 --> 00:15:03,145",HOW WOULD I RESPOND TO YOU SAYING,Paul,1900-01-01 00:15:00.216,0.0,0.0,-0.5
"00:15:03,169 --> 00:15:06,381","THAT YOU ARE, UM, LET'S SAY,",Paul,1900-01-01 00:15:03.169,0.0,0.0,-0.20000000298023224
"00:15:06,405 --> 00:15:07,867","""IN LOVE WITH ME""?",Paul,1900-01-01 00:15:06.405,0.5,0.6369,0.4000000059604645
"00:15:07,891 --> 00:15:10,085","FIRST OF ALL, TAKE THE QUOTATION MARKS",Laura,1900-01-01 00:15:07.891,0.25,0.0,0.0
"00:15:10,109 --> 00:15:12,104","OFF THE ""IN LOVE WITH ME.""",Laura,1900-01-01 00:15:10.109,0.5,0.6369,0.699999988079071
"00:15:12,128 --> 00:15:14,690",IT'S INSULTING.,Laura,1900-01-01 00:15:12.128,-1.0,-0.4939,-0.20000000298023224
"00:15:14,714 --> 00:15:16,392","AND STOP WITH THE FANTASY TALK,",Laura,1900-01-01 00:15:14.714,0.0,-0.296,-0.699999988079071
"00:15:16,416 --> 00:15:18,799",BECAUSE FANTASIES ARE FOR SILLY LITTLE GIRLS.,Laura,1900-01-01 00:15:16.416,-0.34375,0.0258,-0.10000000149011612
"00:15:20,336 --> 00:15:22,398","YOU KNOW, WE'RE TALKING ABOUT REALITY, PAUL,",Laura,1900-01-01 00:15:20.336,0.0,0.0,-0.10000000149011612
"00:15:22,422 --> 00:15:24,032",WHICH IS THAT I'M IN LOVE WITH YOU.,Laura,1900-01-01 00:15:22.422,0.5,0.6369,-0.10000000149011612
"00:15:24,056 --> 00:15:26,001",- BUT I STILL... - THAT'S REALITY.,Paul,1900-01-01 00:15:24.056,0.0,0.0,-0.20000000298023224
"00:15:26,025 --> 00:15:28,337",I STILL WANT TO TALK ABOUT FANTASIES,Paul,1900-01-01 00:15:26.025,0.0,0.0772,0.20000000298023224
"00:15:28,361 --> 00:15:29,971",FOR A MINUTE.,Paul,1900-01-01 00:15:28.361,0.0,0.0,-0.10000000149011612
"00:15:29,995 --> 00:15:32,291","NOT THE FANTASY OF A SILLY LITTLE GIRL,",Paul,1900-01-01 00:15:29.995,-0.34375,0.0258,-0.699999988079071
"00:15:32,315 --> 00:15:35,310",BUT THE FANTASY OF A GROWN SMART WOMAN.,Paul,1900-01-01 00:15:32.315,0.21428571428571427,0.5499,-0.4000000059604645
"00:15:35,334 --> 00:15:38,230","OH PLEASE, LET'S NOT DO THAT. THAT'S BENEATH MY DIGNITY.",Laura,1900-01-01 00:15:35.334,0.0,0.6124,-0.6000000238418579
"00:15:38,254 --> 00:15:40,900","WELL, I DON'T THINK THERE'S ANYTHING BENEATH OUR DIGNITY",Paul,1900-01-01 00:15:38.254,0.0,0.5859,-0.699999988079071
"00:15:40,924 --> 00:15:43,853",IF IT TAKES US SOMEPLACE OUR DIGNITY REFUSES TO GO.,Paul,1900-01-01 00:15:40.924,0.0,0.4019,-0.4000000059604645
"00:16:01,277 --> 00:16:03,255",YOU REMEMBER THAT STORY YOU TOLD ME,Paul,1900-01-01 00:16:01.277,0.0,0.0,-0.699999988079071
"00:16:03,279 --> 00:16:06,325",ABOUT THAT SUMMER WHEN YOU WERE 15 YEARS OLD IN SAN DIEGO?,Paul,1900-01-01 00:16:03.279,0.1,0.0,-0.10000000149011612
"00:16:06,349 --> 00:16:09,528","THAT COUPLE YOU LIVED WITH, THE ONES WHO HAD NO CHILDREN,",Paul,1900-01-01 00:16:06.349,0.0,-0.296,-0.10000000149011612
"00:16:09,552 --> 00:16:11,931",DAVID AND CELIA?,Paul,1900-01-01 00:16:09.552,0.0,0.0,-0.10000000149011612
"00:16:11,955 --> 00:16:14,033",YOU SAID THAT SUMMER WAS...,Paul,1900-01-01 00:16:11.955,0.0,0.0,-0.4000000059604645
"00:16:14,057 --> 00:16:17,453",WAS VERY SIGNIFICANT TO YOU.,Paul,1900-01-01 00:16:14.057,0.48750000000000004,0.2716,0.699999988079071
"00:16:17,477 --> 00:16:19,054",OH MY GOD.,Laura,1900-01-01 00:16:17.477,0.0,0.2732,0.20000000298023224
"00:16:19,078 --> 00:16:21,156","MY MOTHER HAD JUST DIED, PAUL.",Laura,1900-01-01 00:16:19.078,0.0,-0.5574,-0.4000000059604645
"00:16:21,180 --> 00:16:24,159",OF COURSE IT WAS SIGNIFICANT. WHAT'S THE POINT IN REHASHING ALL THIS?,Laura,1900-01-01 00:16:21.180,0.375,0.2023,-0.4000000059604645
"00:16:24,183 --> 00:16:26,561","I MEAN, MY MOTHER DIED AND I WAS VERY LUCKY",Laura,1900-01-01 00:16:24.183,0.060416666666666674,-0.1298,0.5
"00:16:26,585 --> 00:16:29,398","TO HAVE SOMEBODY TAKING ME IN FOR A FEW MONTHS. I MEAN, SO?",Laura,1900-01-01 00:16:26.585,-0.25625,0.0,-0.20000000298023224
"00:16:29,422 --> 00:16:32,701",I JUST WANT TO GO BACK TO THAT PERIOD FOR A LITTLE BIT IF YOU DON'T MIND.,Paul,1900-01-01 00:16:29.422,-0.09375,0.0772,-0.4000000059604645
"00:16:32,725 --> 00:16:36,538",YOUR... YOUR MOTHER WAS GONE.,Paul,1900-01-01 00:16:32.725,0.0,0.0,-0.30000001192092896
"00:16:36,562 --> 00:16:39,291",YOUR MOTHER WAS YOUR LAST WALL OF PROTECTION,Paul,1900-01-01 00:16:36.562,0.0,0.0,-0.4000000059604645
"00:16:39,315 --> 00:16:43,517",AGAINST YOUR FATHER... FROM YOUR FATHER'S... HOW DID YOU PUT IT?,Paul,1900-01-01 00:16:39.315,0.0,0.0,-0.10000000149011612
"00:16:44,604 --> 00:16:45,998",- UH... - TOXIC FUMES.,Laura,1900-01-01 00:16:44.604,0.0,-0.2103,0.0
"00:16:46,022 --> 00:16:47,432","TOXIC FUMES, YES.",Paul,1900-01-01 00:16:46.022,0.0,0.3818,0.0
"00:16:47,456 --> 00:16:51,453","HIS LONELINESS, HIS FEARS, HIS DEPENDENCY ON YOU.",Paul,1900-01-01 00:16:47.456,0.0,-0.6808,-0.6000000238418579
"00:16:51,477 --> 00:16:53,922",YOU SAID THAT HE'D CALL YOU UP IN CALIFORNIA,Paul,1900-01-01 00:16:51.477,0.0,0.0,-0.5
"00:16:53,946 --> 00:16:55,957",AND SAY HOW UNHAPPY HE WAS,Paul,1900-01-01 00:16:53.946,-0.6,-0.4215,0.0
"00:16:55,981 --> 00:16:58,927",AND HOW MUCH HE MISSED YOUR MOTHER,Paul,1900-01-01 00:16:55.981,0.2,-0.296,-0.20000000298023224
"00:16:58,951 --> 00:17:02,598",AND BEGGING YOU TO CUT YOUR VACATION SHORT AND COME BACK HOME.,Paul,1900-01-01 00:16:58.951,0.0,-0.2732,-0.30000001192092896
"00:17:02,622 --> 00:17:05,050",WHAT'S THIS GOT TO DO WITH ANYTHING?,Laura,1900-01-01 00:17:02.622,0.0,0.0,-0.4000000059604645
"00:17:05,074 --> 00:17:07,987",YOU TOOK A LIKING TO THESE PEOPLE WHO WERE,Paul,1900-01-01 00:17:05.074,0.0,0.4019,-0.800000011920929
"00:17:08,011 --> 00:17:10,472",ATHLETIC AND HEALTHY,Paul,1900-01-01 00:17:08.011,0.5,0.4019,0.0
"00:17:10,496 --> 00:17:13,759",AND THE EXACT OPPOSITE OF YOUR PARENTS IN EVERY WAY.,Paul,1900-01-01 00:17:10.496,0.125,0.0,0.20000000298023224
"00:17:13,783 --> 00:17:16,918",AND YOU DESCRIBED DAVID VERY VIVIDLY.,Paul,1900-01-01 00:17:13.783,0.1625,0.0,-0.20000000298023224
"00:17:18,888 --> 00:17:20,968",AND YOU SAID HE WAS VERY KIND TO YOU.,Paul,1900-01-01 00:17:18.888,0.78,0.5709,0.20000000298023224
"00:17:22,442 --> 00:17:24,820","YEAH, YOU KNOW, HE USED TO TAKE ME CAMPING.",Laura,1900-01-01 00:17:22.442,0.0,0.296,-0.10000000149011612
"00:17:24,844 --> 00:17:27,439",WE'D... WE'D GO SURFING;,Laura,1900-01-01 00:17:24.844,0.0,0.0,0.10000000149011612
"00:17:27,463 --> 00:17:30,959","USED TO JUST TALK ABOUT STUFF, YOU KNOW?",Laura,1900-01-01 00:17:27.463,0.0,0.0,-0.30000001192092896
"00:17:30,983 --> 00:17:32,945",TEENAGE BULLSHIT.,Laura,1900-01-01 00:17:30.983,0.0,-0.5859,0.30000001192092896
"00:17:32,969 --> 00:17:35,181",YOU...,Paul,1900-01-01 00:17:32.969,0.0,0.0,0.0
"00:17:35,205 --> 00:17:37,354",YOU WERE VERY ATTRACTED TO HIM.,Paul,1900-01-01 00:17:35.205,0.2,0.4754,0.699999988079071
"00:17:39,325 --> 00:17:42,020","HE WAS A HUNK, YEAH.",Laura,1900-01-01 00:17:39.325,0.0,0.296,0.5
"00:17:42,044 --> 00:17:44,645",HE LOOKED LIKE NICK NOLTE.,Laura,1900-01-01 00:17:42.044,0.0,0.3612,0.0
"00:17:47,717 --> 00:17:49,745",THEY SMOKED A LOT OF GRASS.,Laura,1900-01-01 00:17:47.717,0.0,0.0,0.0
"00:17:49,769 --> 00:17:51,230",A LOT OF GRASS.,Laura,1900-01-01 00:17:49.769,0.0,0.0,0.0
"00:17:51,254 --> 00:17:53,354",I SMOKED WITH THEM. IT WAS MY FIRST TIME.,Laura,1900-01-01 00:17:51.254,0.25,0.0,0.0
"00:17:56,358 --> 00:17:58,654",AND...,Paul,1900-01-01 00:17:56.358,0.0,0.0,-0.10000000149011612
"00:17:58,678 --> 00:18:02,174","WHEN THAT SUMMER WAS OVER,",Paul,1900-01-01 00:17:58.678,0.0,0.0,-0.5
"00:18:02,198 --> 00:18:04,860",THEY SAID IT WAS A SHAME THEY COULDN'T ADOPT YOU.,Paul,1900-01-01 00:18:02.198,0.0,-0.56,-0.800000011920929
"00:18:04,884 --> 00:18:09,281","THEY SAID, ""WE WANT A DAUGHTER JUST LIKE YOU.""",Paul,1900-01-01 00:18:04.884,0.0,0.4215,-0.5
"00:18:09,305 --> 00:18:13,451","YEAH, I ACTUALLY ASKED THEM TO SEE IF IT WAS POSSIBLE.",Laura,1900-01-01 00:18:09.305,0.0,0.296,0.0
"00:18:13,475 --> 00:18:17,005","IF THERE WAS SOME LEGAL WAY TO... ANYWAY, THEY JUST LAUGHED AT ME.",Laura,1900-01-01 00:18:13.475,0.44999999999999996,0.5423,-0.5
"00:18:17,029 --> 00:18:18,974",THEY DIDN'T TAKE ME SERIOUSLY.,Laura,1900-01-01 00:18:17.029,-0.3333333333333333,0.1326,-0.699999988079071
"00:18:18,998 --> 00:18:21,298",THEY SAID I WAS SO CUTE.,Laura,1900-01-01 00:18:18.998,0.5,0.5949,0.6000000238418579
"00:18:22,802 --> 00:18:26,047","ACTUALLY, I WANTED HIM TO ADOPT ME.",Paul,1900-01-01 00:18:22.802,0.0,0.1779,-0.5
"00:18:26,071 --> 00:18:29,489","SHE WAS GREAT... CELIA. BUT, YOU KNOW, I WAS 15.",Laura,1900-01-01 00:18:26.071,0.8,0.4435,0.30000001192092896
"00:18:32,111 --> 00:18:34,795",I WANTED HIM ALL TO MYSELF.,Laura,1900-01-01 00:18:32.111,0.0,0.0,-0.4000000059604645
"00:18:35,881 --> 00:18:37,843",HMM.,Paul,1900-01-01 00:18:35.881,0.0,0.0,0.20000000298023224
"00:18:37,867 --> 00:18:41,113",MAKES A LOT OF SENSE WHEN YOU THINK ABOUT IT.,Paul,1900-01-01 00:18:37.867,0.0,0.0,0.6000000238418579
"00:18:41,137 --> 00:18:43,949","YOU WERE 15 YEARS OLD,",Paul,1900-01-01 00:18:41.137,0.1,0.0,0.0
"00:18:43,973 --> 00:18:47,035","YOUR FATHER WAS GRIEVING,",Paul,1900-01-01 00:18:43.973,0.0,-0.5106,-0.30000001192092896
"00:18:47,059 --> 00:18:49,321",COMPLETELY DEPENDENT ON YOU.,Paul,1900-01-01 00:18:47.059,0.1,0.0,-0.800000011920929
"00:18:49,345 --> 00:18:51,311",DAVID MUST HAVE SEEMED LIKE A LIFE RAFT.,Paul,1900-01-01 00:18:49.345,0.0,0.3612,0.4000000059604645
"00:18:54,467 --> 00:18:56,861",JUST AS PERHAPS I AM NOW,Paul,1900-01-01 00:18:54.467,0.0,0.0,0.30000001192092896
"00:18:56,885 --> 00:18:58,819",FROM ANDREW.,Paul,1900-01-01 00:18:56.885,0.0,0.0,0.0
"00:19:00,973 --> 00:19:04,753",PERHAPS I'M AN ALTERNATIVE TO EVERYTHING THAT ANDREW REPRESENTS...,Paul,1900-01-01 00:19:00.973,0.0,0.0,0.0
"00:19:04,777 --> 00:19:07,477","DEPENDENCY, ANXIETY.",Paul,1900-01-01 00:19:04.777,0.0,-0.1779,0.10000000149011612
"00:19:08,914 --> 00:19:13,028","BUT I AM NOT A REALISTIC OPTION FOR YOU, LAURA.",Paul,1900-01-01 00:19:08.914,-0.08333333333333333,0.0,-0.800000011920929
"00:19:13,052 --> 00:19:16,548","THIS IS A SAFE PLACE WHERE YOU CAN COME,",Paul,1900-01-01 00:19:13.052,0.5,0.4404,0.800000011920929
"00:19:16,572 --> 00:19:20,052",LIKE DAVID AT THE BEACH.,Paul,1900-01-01 00:19:16.572,0.0,0.3612,0.20000000298023224
"00:19:20,076 --> 00:19:23,855","- YES, BUT WITH ONE BIG DIFFERENCE. - WHAT'S THAT?",Laura,1900-01-01 00:19:20.076,0.0,0.2997,-0.20000000298023224
"00:19:23,879 --> 00:19:26,830","I DON'T WANT YOU TO ADOPT ME, I WANT YOU TO FUCK ME.",Laura,1900-01-01 00:19:23.879,-0.4,-0.4063,-0.8999999761581421
"00:19:39,929 --> 00:19:42,062",I NEED TO PEE.,Laura,1900-01-01 00:19:39.929,0.0,0.0,-0.5
"00:19:45,501 --> 00:19:47,112","OH, THERE'S...",Paul,1900-01-01 00:19:45.501,0.0,0.0,0.0
"00:19:47,136 --> 00:19:50,382",THERE'S A PROBLEM WITH THE...,Paul,1900-01-01 00:19:47.136,0.0,-0.4019,-0.800000011920929
"00:19:50,406 --> 00:19:52,717",WITH THE THING.,Paul,1900-01-01 00:19:50.406,0.0,0.0,0.20000000298023224
"00:19:52,741 --> 00:19:55,454",THE... IT'S... IT'S BLOCKED UP.,Paul,1900-01-01 00:19:52.741,0.0,-0.2732,0.0
"00:19:55,478 --> 00:19:58,223",I JUST CALLED...,Paul,1900-01-01 00:19:55.478,0.0,0.0,-0.20000000298023224
"00:19:58,247 --> 00:20:00,225",I'M GONNA CALL THE HANDYMAN.,Paul,1900-01-01 00:19:58.247,0.0,0.0,-0.30000001192092896
"00:20:00,249 --> 00:20:02,510","OKAY. WELL THEN, MAY I?",Laura,1900-01-01 00:20:00.249,0.5,0.4588,0.20000000298023224
"00:20:02,534 --> 00:20:04,813","UH, WELL...",Laura,1900-01-01 00:20:02.534,0.0,0.2732,0.800000011920929
"00:20:04,837 --> 00:20:06,982","WE'RE... WE'RE ALMOST OUT OF TIME, SO...",Paul,1900-01-01 00:20:04.837,0.0,0.0,-0.4000000059604645
"00:20:07,006 --> 00:20:09,151","WHAT ARE WE, CAMPING? I NEED TO PEE.",Laura,1900-01-01 00:20:07.006,0.0,0.0,-0.30000001192092896
"00:20:09,175 --> 00:20:11,153","I MEAN, WHAT'S THE BIG DEAL? I'M VERY CLEAN.",Laura,1900-01-01 00:20:09.175,0.05472222222222225,0.4576,0.30000001192092896
"00:20:11,177 --> 00:20:12,721",I WON'T MESSY YOUR BATHROOM.,Laura,1900-01-01 00:20:11.177,-0.2,0.2755,-0.699999988079071
"00:20:12,745 --> 00:20:14,723","ACTUALLY, I PREFER MY PATIENTS TO USE THE...",Paul,1900-01-01 00:20:12.745,0.0,0.0,-0.4000000059604645
"00:20:14,747 --> 00:20:17,227",BUT YOU JUST SAID THAT THE TOILET OVERFLOWED.,Laura,1900-01-01 00:20:14.747,-0.03333333333333333,0.0,-0.5
"00:20:19,802 --> 00:20:23,198",WHY DON'T WE JUST FINISH UP FOR TODAY?,Paul,1900-01-01 00:20:19.802,0.0,0.0,-0.699999988079071
"00:20:23,222 --> 00:20:26,957",I CAN OWE YOU THE 10 MINUTES WHEN YOU COME BACK NEXT WEEK.,Paul,1900-01-01 00:20:23.222,0.0,0.0,0.5
"00:20:30,879 --> 00:20:33,931","WHAT, YOU'RE AFRAID YOUR WIFE WILL SEE ME?",Laura,1900-01-01 00:20:30.879,-0.6,0.0,-0.5
"00:20:39,205 --> 00:20:41,616",OR THAT I'LL SEE HER?,Laura,1900-01-01 00:20:39.205,0.0,0.0,0.0
"00:20:41,640 --> 00:20:43,952","IS SHE EVEN HOME NOW? I MEAN, WHAT IS SHE,",Laura,1900-01-01 00:20:41.640,-0.3125,0.0,-0.10000000149011612
"00:20:43,976 --> 00:20:46,955",SITTING ON THE COUCH WITH ROLLERS IN HER HAIR DRINKING BEER?,Laura,1900-01-01 00:20:43.976,0.0,0.0,0.0
"00:20:46,979 --> 00:20:49,207","LAURA, THIS HAS NOTHING TO DO WITH MY WIFE.",Paul,1900-01-01 00:20:46.979,0.0,0.0,-0.800000011920929
"00:20:49,231 --> 00:20:52,983","OKAY FINE, FORGET IT, IF IT FREAKS YOU OUT THAT MUCH.",Laura,1900-01-01 00:20:49.231,0.37222222222222223,0.1027,-0.30000001192092896
"00:20:57,406 --> 00:20:59,184",WELL...,Laura,1900-01-01 00:20:57.406,0.0,0.2732,0.6000000238418579
"00:20:59,208 --> 00:21:02,054","I BET THAT DIDN'T COME UP IN MED SCHOOL, DID IT?",Laura,1900-01-01 00:20:59.208,0.0,0.0,-0.10000000149011612
"00:21:02,078 --> 00:21:04,055",HMM?,Laura,1900-01-01 00:21:02.078,0.0,0.0,0.0
"00:21:04,079 --> 00:21:06,341","""WHAT TO DO IN THE FOLLOWING SITUATION...",Laura,1900-01-01 00:21:04.079,0.0,0.0,-0.20000000298023224
"00:21:06,365 --> 00:21:10,012",A PATIENT IN LOVE WITH THE THERAPIST ASKS TO USE THE BATHROOM.,Laura,1900-01-01 00:21:06.365,0.5,0.6369,0.800000011920929
"00:21:10,036 --> 00:21:11,730",THE BATHROOM IS OUT OF ORDER.,Laura,1900-01-01 00:21:10.036,0.0,0.0,-0.699999988079071
"00:21:11,754 --> 00:21:16,034",THE PATIENT THEN ASKS TO ENTER THE THERAPIST'S HOME.,Laura,1900-01-01 00:21:11.754,0.0,0.0,-0.30000001192092896
"00:21:16,058 --> 00:21:18,887","WHAT SHOULD THE THERAPIST DO?""",Laura,1900-01-01 00:21:16.058,0.0,0.0,-0.30000001192092896
"00:21:18,911 --> 00:21:20,972","- LAURA, I'M SORRY IF... - THE CORRECT ANSWER IS",Paul,1900-01-01 00:21:18.911,-0.5,-0.2577,-0.30000001192092896
"00:21:20,996 --> 00:21:24,743",IT DEPENDS ON WHAT THE THERAPIST FEELS TOWARDS HIS PATIENT.,Laura,1900-01-01 00:21:20.996,0.0,0.0,-0.4000000059604645
"00:21:24,767 --> 00:21:26,728","LAURA, I CAN SEE THAT YOU MIGHT INTERPRET THIS AS...",Paul,1900-01-01 00:21:24.767,0.0,0.0,0.0
"00:21:26,752 --> 00:21:29,681","DON'T INTERPRET, PAUL. I'VE HAD IT UP TO HERE",Laura,1900-01-01 00:21:26.752,0.0,0.0,0.30000001192092896
"00:21:29,705 --> 00:21:31,972",WITH YOUR FUCKING INTERPRETATIONS.,Laura,1900-01-01 00:21:29.705,-0.6,0.0,0.10000000149011612
"00:21:34,876 --> 00:21:37,856",YOU KNOW WHAT KILLS ME?,Laura,1900-01-01 00:21:34.876,0.0,-0.5423,-0.5
"00:21:37,880 --> 00:21:41,026","THAT NO MATTER WHAT I SAY OR DO, YOU SEE EVERYTHING AS MORE PROOF",Laura,1900-01-01 00:21:37.880,0.5,-0.0191,0.30000001192092896
"00:21:41,050 --> 00:21:43,045",THAT NOTHING IS GOING ON HERE.,Laura,1900-01-01 00:21:41.050,0.0,0.0,-0.800000011920929
"00:21:43,069 --> 00:21:46,214","YOU TURN ME INTO A 15-YEAR-OLD WHO ISN'T TAKEN SERIOUSLY,",Laura,1900-01-01 00:21:43.069,-0.3333333333333333,0.1326,-0.699999988079071
"00:21:46,238 --> 00:21:48,249",A SILLY LITTLE GIRL,Laura,1900-01-01 00:21:46.238,-0.34375,0.0258,0.20000000298023224
"00:21:48,273 --> 00:21:50,485","WHO PEOPLE JUST PAT ON THE HEAD AND SAY, ""ISN'T SHE CUTE?""",Laura,1900-01-01 00:21:48.273,0.5,-0.357,-0.6000000238418579
"00:21:50,509 --> 00:21:53,978","YOU KNOW, THE...",Paul,1900-01-01 00:21:50.509,0.0,0.0,0.10000000149011612
,"STOP PATRONIZING ME, PAUL.",Laura,1900-01-01 00:21:50.509,0.0,-0.296,-0.8999999761581421
"00:22:10,496 --> 00:22:13,175","LOOK, I KNOW WHEN I TURN SOMEBODY ON.",Laura,1900-01-01 00:22:10.496,0.0,0.0,0.20000000298023224
"00:22:13,199 --> 00:22:14,832",OKAY?,Laura,1900-01-01 00:22:13.199,0.5,0.2263,0.10000000149011612
"00:22:17,270 --> 00:22:19,748",YOU KNOW WHAT I THOUGHT OF YOU THE FIRST TIME I SAW YOU?,Laura,1900-01-01 00:22:17.270,0.25,0.0,-0.10000000149011612
"00:22:19,772 --> 00:22:22,851",WHAT?,Paul,1900-01-01 00:22:19.772,0.0,0.0,-0.10000000149011612
,I THOUGHT YOU LOOKED LIKE A DEAD MAN.,Laura,1900-01-01 00:22:19.772,-0.2,-0.4215,-0.699999988079071
"00:22:22,875 --> 00:22:27,122","I THOUGHT, BENEATH THAT PROFESSIONAL EXTERIOR",Laura,1900-01-01 00:22:22.875,0.1,0.0,-0.10000000149011612
"00:22:27,146 --> 00:22:29,907",IS A MAN WHO STOPPED LIVING.,Laura,1900-01-01 00:22:27.146,0.0,-0.2263,0.0
"00:22:29,931 --> 00:22:32,511",I WANTED TO TAKE YOUR HEART IN MY HANDS,Laura,1900-01-01 00:22:29.931,0.0,0.6369,-0.5
"00:22:32,535 --> 00:22:36,019",AND JUST PUMP LIFE INTO IT.,Laura,1900-01-01 00:22:32.535,0.0,0.0,-0.20000000298023224
"00:22:41,627 --> 00:22:45,307",MAYBE THAT'S YOUR SENSE OF...,Paul,1900-01-01 00:22:41.627,0.0,0.0,-0.5
"00:22:45,331 --> 00:22:47,509","OF WHAT HAPPENS TO MARRIED PEOPLE,",Paul,1900-01-01 00:22:45.331,0.25,0.0,-0.20000000298023224
"00:22:47,533 --> 00:22:50,946",THAT THEY JUST STOP LIVING.,Paul,1900-01-01 00:22:47.533,0.0,-0.296,-0.800000011920929
"00:22:50,970 --> 00:22:54,187",MAYBE YOU'RE AFRAID THAT'S WHAT'LL HAPPEN IF YOU MARRY ANDREW.,Paul,1900-01-01 00:22:50.970,-0.6,0.0,-0.6000000238418579
"00:22:55,958 --> 00:22:58,358",JUST MY BEING HERE HAS BROUGHT YOU BACK TO LIFE.,Laura,1900-01-01 00:22:55.958,0.0,0.0,0.0
"00:23:03,148 --> 00:23:05,527","- LAURA, LET'S... - YEAH.",Paul,1900-01-01 00:23:03.148,0.0,0.4466,0.30000001192092896
"00:23:05,551 --> 00:23:08,413",I KNEW YOU'D DENY IT.,Laura,1900-01-01 00:23:05.551,0.0,-0.34,0.0
"00:23:08,437 --> 00:23:10,966","I MEAN, HOW COULD SOMETHING LIKE THIS HAPPEN TO YOU, HMM?",Laura,1900-01-01 00:23:08.437,-0.3125,0.3612,-0.4000000059604645
"00:23:10,990 --> 00:23:13,985",BUT IT DID HAPPEN. I KNOW IT HAPPENED AND YOU KNOW IT HAPPENED.,Laura,1900-01-01 00:23:10.990,0.0,0.0,-0.20000000298023224
"00:23:14,009 --> 00:23:16,037","WHAT HAPPENED, LAURA?",Paul,1900-01-01 00:23:14.009,0.0,0.0,-0.4000000059604645
,"ME AND YOU, PAUL.",Laura,1900-01-01 00:23:14.009,0.0,0.0,0.0
"00:23:16,061 --> 00:23:17,873",WE HAPPENED.,Laura,1900-01-01 00:23:16.061,0.0,0.0,-0.5
"00:23:17,897 --> 00:23:19,741",AND ALL THE THOUGHTS THAT YOU HAVE,Laura,1900-01-01 00:23:17.897,0.0,0.0,0.10000000149011612
"00:23:19,765 --> 00:23:22,046",BEFORE YOU FALL ASLEEP NEXT TO YOUR WIFE HAPPENED.,Laura,1900-01-01 00:23:19.765,0.0,0.0,-0.5
"00:23:24,002 --> 00:23:27,933","AHEM. I THINK WE'RE OUT OF TIME FOR TODAY, LAURA.",Paul,1900-01-01 00:23:24.002,0.0,0.0,0.0
"00:23:27,957 --> 00:23:30,218",WHY DON'T WE TALK ABOUT THIS NEXT WEEK,Paul,1900-01-01 00:23:27.957,0.0,0.0,-0.6000000238418579
"00:23:30,242 --> 00:23:32,926",WHEN YOU... WHEN YOU COME BACK?,Paul,1900-01-01 00:23:30.242,0.0,0.0,-0.20000000298023224
"00:23:53,833 --> 00:23:55,994",JUST TELL ME.,Laura,1900-01-01 00:23:53.833,0.0,0.0,-0.30000001192092896
"00:23:56,018 --> 00:23:58,435",I... I THINK YOU OWE IT TO ME.,Laura,1900-01-01 00:23:56.018,0.0,0.0,-0.10000000149011612
"00:24:01,457 --> 00:24:03,407",DO YOU WANT ME?,Laura,1900-01-01 00:24:01.457,0.0,0.0772,-0.20000000298023224
"00:24:07,914 --> 00:24:09,574",- I... - JUST...,Paul,1900-01-01 00:24:07.914,0.0,0.0,0.0
"00:24:09,598 --> 00:24:13,033",JUST A SIMPLE YES OR NO.,Laura,1900-01-01 00:24:09.598,0.0,0.4019,0.0
"00:24:16,789 --> 00:24:18,471",NO.,Paul,1900-01-01 00:24:16.789,0.0,0.0,-0.6000000238418579
